ID,Node
1,AER
2,ASF
3,CEK
4,DME
5,GDZ
6,GOJ
7,GYD
8,KBP
9,KRR
10,KUF
11,KZN
12,LED
13,MCX
14,MRV
15,MUC
16,NBC
17,NJC
18,OVB
19,PEE
20,ROV
21,SGC
22,SIP
23,TGK
24,UUA
25,ANS
26,AYP
27,CUZ
28,HUU
29,IQT
30,LIM
31,PCL
32,PEM
33,TPP
34,ABJ
35,ACC
36,BKO
37,BOY
38,COO
39,DKR
40,LFW
41,NIM
42,OUA
43,CUE
44,GPS
45,GYE
46,MEC
47,OCC
48,SCY
49,UIO
50,AYT
51,BDS
52,BRI
53,BRN
54,BRS
55,CLY
56,CTA
57,FUE
58,GVA
59,HDF
60,HER
61,INV
62,KGS
63,LCA
64,PMI
65,RHO
66,RLG
67,SUF
68,TFS
69,ZRH
70,AJR
71,ARN
72,GEV
73,HAD
74,HMV
75,LYC
76,VBY
77,VHM
78,ADQ
79,AOS
80,KLN
81,KOZ
82,KPY
83,UGI
84,BCD
85,BSO
86,BXU
87,CBO
88,CEB
89,CGY
90,CRM
91,CYP
92,DGT
93,DPL
94,DVO
95,GES
96,HKG
97,ILO
98,JOL
99,KLO
100,KUL
101,LAO
102,LGP
103,MBT
104,MNL
105,MPH
106,OZC
107,PPS
108,RXS
109,SIN
110,SUG
111,TAC
112,TAG
113,TUG
114,TWT
115,USU
116,WNP
117,ZAM
118,HEL
119,POR
120,CGA
121,HYL
122,KTB
123,KTN
124,MTM
125,BCN
126,BJL
127,FNA
128,LGW
129,ROB
130,AKV
131,XGR
132,YGL
133,YGW
134,YIK
135,YKG
136,YKL
137,YPH
138,YPJ
139,YPX
140,YQB
141,YQC
142,YSK
143,YTQ
144,YUD
145,YUL
146,YUY
147,YVP
148,YWB
149,YWK
150,YZG
151,YZV
152,BBO
153,DXB
154,JED
155,JIB
156,MGQ
157,NBO
158,BKK
159,CAN
160,HAK
161,HGH
162,HKT
163,KIX
164,PEN
165,PER
166,PNH
167,REP
168,RGN
169,SGN
170,SWA
171,TPE
172,ACH
173,DUS
174,EBA
175,FDH
176,FKB
177,GRZ
178,HAM
179,MAH
180,OLB
181,PUY
182,SZG
183,TXL
184,ZAD
185,ATL
186,BIM
187,ELH
188,EYW
189,FLL
190,FPO
191,GGT
192,GHB
193,GLH
194,GNV
195,JAX
196,LWB
197,MCN
198,MCO
199,MEI
200,MHH
201,MSL
202,PBI
203,PIB
204,PNS
205,RSW
206,TCB
207,TLH
208,TPA
209,TUP
210,AMS
211,BGY
212,BLQ
213,BRU
214,CGN
215,CMN
216,CUF
217,FEZ
218,LYS
219,MPL
220,NDR
221,SAW
222,TLS
223,TNG
224,VCE
225,AUA
226,BON
227,CCS
228,CUR
229,LSP
230,MAR
231,RCH
232,BHK
233,FEG
234,KSQ
235,NMA
236,NVI
237,SKD
238,TIV
239,CAY
240,FDF
241,PTP
242,SBH
243,SDQ
244,SFG
245,SLU
246,BAV
247,BHY
248,CGK
249,CGO
250,CGQ
251,CKG
252,CSX
253,CTU
254,CZX
255,DLC
256,DNH
257,DSN
258,DYG
259,FOC
260,HDG
261,HET
262,HFE
263,HLD
264,HRB
265,ICN
266,INC
267,JGN
268,JHG
269,JJN
270,JNG
271,JZH
272,KGT
273,KHG
274,KHN
275,KJI
276,KMG
277,KOW
278,KWE
279,KWL
280,LHW
281,LJG
282,LUM
283,LXA
284,LYI
285,MEL
286,MIG
287,MLE
288,NGB
289,NKG
290,NNG
291,NTG
292,PEK
293,PVG
294,PZI
295,SHE
296,SJW
297,SPN
298,SYX
299,SZX
300,TAO
301,TNA
302,TSA
303,TSN
304,TYN
305,URC
306,UYN
307,WNZ
308,WUH
309,WUX
310,WXN
311,XIC
312,XIY
313,XMN
314,XNN
315,XUZ
316,YBP
317,YIH
318,YNT
319,YTY
320,YVR
321,ZHY
322,ZUH
323,CAI
324,TLV
325,MCG
326,NIB
327,TCT
328,TLJ
329,AAQ
330,BAX
331,EGO
332,EYK
333,NCU
334,NUX
335,NYM
336,OVS
337,SVX
338,TJM
339,UCT
340,VKO
341,CCU
342,CGP
343,CXB
344,DAC
345,JSR
346,KTM
347,MCT
348,RJH
349,ZYL
350,YGZ
351,YRB
352,DFW
353,EZE
354,JFK
355,MIA
356,PUJ
357,YEG
358,YLW
359,YXY
360,YYC
361,ACA
362,BOG
363,CEN
364,CJS
365,CME
366,CTM
367,CUL
368,CUN
369,CUU
370,CZM
371,GDL
372,GUA
373,HAV
374,HMO
375,HUX
376,LAS
377,MEX
378,MID
379,MTY
380,OAX
381,PVR
382,SAT
383,SJD
384,SJO
385,SNA
386,TAM
387,TGZ
388,TIJ
389,TLC
390,VER
391,VSA
392,ZIH
393,DEL
394,HEA
395,KBL
396,OAI
397,BSL
398,DJE
399,HRG
400,NBE
401,PRN
402,RMF
403,ADB
404,AGP
405,ATH
406,BEG
407,BIA
408,BIO
409,BRE
410,BUD
411,CAG
412,CFU
413,DBV
414,DRS
415,DTM
416,DUB
417,EDI
418,ESB
419,FAO
420,FCO
421,HAJ
422,IBZ
423,JMK
424,JTR
425,KEF
426,KLU
427,KRK
428,KVA
429,LEJ
430,LHR
431,LIS
432,LPA
433,MAN
434,MLH
435,MXP
436,NAP
437,NCE
438,NUE
439,PMO
440,PRG
441,PSA
442,RJK
443,SJJ
444,SKG
445,SPU
446,STN
447,STR
448,TIA
449,TUN
450,VIE
451,VRN
452,XRY
453,ZAG
454,AKP
455,BTT
456,CEM
457,CIK
458,CXF
459,FAI
460,FYU
461,IRC
462,MLY
463,MNT
464,RMP
465,SVS
466,TAL
467,WBQ
468,AKI
469,ATT
470,BET
471,CYF
472,EEK
473,GNU
474,KKH
475,KKI
476,KLG
477,KPN
478,KUK
479,KWK
480,KWN
481,KWT
482,NME
483,NUP
484,OOK
485,PKA
486,PTU
487,TLT
488,TNK
489,WNA
490,WTL
491,WWT
492,BOC
493,DRK
494,FON
495,GLF
496,LIR
497,MGA
498,NOB
499,PBP
500,PJM
501,PMZ
502,SYQ
503,TMU
504,TNO
505,TTQ
506,XQP
507,KMS
508,EDL
509,JUB
510,KIS
511,LAU
512,LOK
513,MBA
514,MYD
515,ZNZ
516,BKI
517,BWN
518,CGM
519,CRK
520,CYZ
521,DPS
522,HAN
523,IAO
524,MFM
525,PAG
526,PUS
527,SGS
528,SJI
529,VRC
530,ANU
531,MNI
532,ARH
533,CSH
534,KSZ
535,LDG
536,MMK
537,NNM
538,NSK
539,SCW
540,SVO
541,TOS
542,USK
543,ANF
544,CCP
545,CJC
546,CPO
547,IQQ
548,SCL
549,AEP
550,MVD
551,PDP
552,POA
553,YBK
554,YCB
555,YCO
556,YCS
557,YCY
558,YEK
559,YEV
560,YFB
561,YGT
562,YHK
563,YIO
564,YOW
565,YRT
566,YTE
567,YTH
568,YUT
569,YUX
570,YVM
571,YVQ
572,YWG
573,YXN
574,YXP
575,YYH
576,YYQ
577,YZF
578,YZS
579,AMD
580,BBI
581,BDQ
582,BLR
583,BOM
584,CJB
585,COK
586,DIB
587,GAU
588,GOI
589,HYD
590,IDR
591,IMF
592,IXA
593,IXC
594,IXJ
595,JAI
596,LKO
597,MAA
598,NAG
599,PAT
600,PNQ
601,RPR
602,SXR
603,TRV
604,VTZ
605,ETH
606,SDV
607,SXF
608,BSA
609,GLK
610,HGA
611,YHI
612,YPC
613,YSY
614,YUB
615,AKY
616,HEH
617,KAW
618,MDL
619,MGZ
620,NYT
621,NYU
622,SNW
623,TVY
624,EVN
625,RTW
626,CJU
627,CTS
628,FUK
629,GMP
630,GUM
631,NGO
632,NRT
633,GWT
634,YAB
635,YFS
636,YHY
637,YLC
638,HND
639,KKJ
640,ABL
641,AIN
642,ANC
643,ANI
644,ANV
645,ATK
646,AUK
647,BKC
648,BRW
649,BTI
650,CDV
651,CHU
652,CKD
653,DRG
654,ELI
655,EMK
656,ENA
657,GAL
658,GAM
659,GLV
660,HCR
661,HOM
662,HPB
663,HSL
664,IAN
665,KAL
666,KGX
667,KKA
668,KOT
669,KSM
670,KTS
671,KVL
672,KYU
673,MLL
674,MOU
675,MYU
676,NUI
677,NUL
678,OBU
679,OME
680,ORV
681,OTZ
682,PHO
683,PIZ
684,PQS
685,RBY
686,RDV
687,RSH
688,SCC
689,SCM
690,SHG
691,SHH
692,SHX
693,SKK
694,SLQ
695,SMK
696,SRV
697,SVA
698,SXP
699,TLA
700,UNK
701,VAK
702,VDZ
703,WAA
704,WBB
705,WLK
706,WMO
707,WTK
708,BRM
709,CLT
710,KIN
711,MDE
712,PAP
713,PBM
714,SXM
715,VLN
716,BCA
717,BYM
718,CCC
719,CMW
720,CYO
721,HOG
722,MOA
723,MZO
724,SCU
725,VTU
726,ACU
727,BFQ
728,CHX
729,CZJ
730,DAV
731,GHE
732,JQE
733,MPP
734,OGM
735,OTD
736,PAC
737,PUE
738,PYC
739,SAX
740,SCI
741,SIC
742,AKX
743,CSY
744,ESL
745,GRV
746,IAR
747,IJK
748,IKT
749,KJA
750,KUN
751,KVK
752,MQF
753,OGZ
754,PES
755,SKX
756,STW
757,UFA
758,UKS
759,ULV
760,URJ
761,VKT
762,VOG
763,VOZ
764,AKK
765,OLH
766,ORI
767,TNC
768,DIG
769,DLU
770,SYM
771,TCZ
772,TVS
773,QBC
774,YAA
775,YBL
776,YKT
777,YPW
778,YQQ
779,YWL
780,YXC
781,YYJ
782,YZT
783,YZZ
784,ZEL
785,ZMT
786,ADA
787,BJV
788,DIY
789,DLM
790,ECN
791,ERZ
792,EZS
793,GNY
794,GZT
795,IST
796,KVD
797,MLX
798,ODS
799,OMH
800,TZX
801,BHI
802,COR
803,CRD
804,MDQ
805,MDZ
806,NQN
807,REL
808,ROS
809,SFN
810,YFJ
811,YLE
812,YRA
813,YSG
814,AMM
815,BEN
816,HBE
817,KRT
818,MRA
819,SEB
820,SFA
821,TIP
822,AET
823,ARC
824,HUS
825,LMA
826,VEE
827,CGD
828,HJJ
829,HSG
830,IBR
831,JIQ
832,LYA
833,NBS
834,SHA
835,TAK
836,ZYI
837,GPZ
838,TVF
839,ABV
840,LOS
841,PHC
842,ACK
843,ALB
844,AUG
845,AXA
846,BHB
847,BOS
848,CGI
849,EIS
850,EWB
851,HPN
852,HYA
853,IRK
854,LEB
855,MAZ
856,MSS
857,MVY
858,MWA
859,NEV
860,OGS
861,OWB
862,PVC
863,PVD
864,RKD
865,RUT
866,SJU
867,SLK
868,STL
869,STT
870,STX
871,TBN
872,UIN
873,VQS
874,YDQ
875,YKA
876,YLL
877,YOJ
878,YOP
879,YPR
880,YQZ
881,YXJ
882,YXS
883,YXT
884,YYD
885,YYE
886,GDT
887,PLS
888,SLX
889,ACR
890,ADZ
891,APO
892,AUC
893,BSC
894,BUN
895,CLO
896,CZU
897,EOH
898,FLA
899,GPI
900,IPI
901,LCR
902,LET
903,LMC
904,LPD
905,LQM
906,MVP
907,NQU
908,PCR
909,PDA
910,PSO
911,PUU
912,PVA
913,RVE
914,SJE
915,SVI
916,TCD
917,TME
918,UIB
919,VGZ
920,VVC
921,BVA
922,FRA
923,KIV
924,MAD
925,OTP
926,BLA
927,BNS
928,PMV
929,PTY
930,PZO
931,AJL
932,ATQ
933,AUH
934,BAH
935,BHJ
936,BHO
937,BHU
938,CCJ
939,CMB
940,DED
941,DIU
942,DMM
943,DOH
944,EWR
945,GOP
946,IXB
947,IXE
948,IXL
949,IXM
950,IXR
951,IXS
952,IXU
953,IXZ
954,JDH
955,JNB
956,JRH
957,KWI
958,PBD
959,RAJ
960,RJA
961,RUH
962,SHJ
963,TIR
964,TRZ
965,UDR
966,VGA
967,VNS
968,YYZ
969,IKA
970,TBS
971,JKH
972,KLX
973,SMI
974,AXD
975,CDG
976,CHQ
977,CPH
978,IEV
979,MJT
980,OSL
981,PHL
982,SKU
983,SOF
984,WAW
985,BYC
986,CBB
987,CIJ
988,GYA
989,LPB
990,ORU
991,POI
992,PSZ
993,RIB
994,SRE
995,SRZ
996,TDD
997,TJA
998,AGF
999,AJA
1000,AUR
1001,BES
1002,BIQ
1003,BOD
1004,BVE
1005,CFE
1006,CFR
1007,DCM
1008,ETZ
1009,FSC
1010,GOT
1011,LAI
1012,LDE
1013,LIG
1014,LIL
1015,LRH
1016,LRT
1017,MRS
1018,NTE
1019,ORY
1020,PGF
1021,PIS
1022,PUF
1023,RDZ
1024,RNS
1025,SXB
1026,UIP
1027,BUS
1028,KUT
1029,RIX
1030,ABI
1031,ABQ
1032,ABZ
1033,ACT
1034,ADL
1035,AEX
1036,AGU
1037,AKL
1038,ALO
1039,AMA
1040,APW
1041,AQP
1042,ART
1043,ASE
1044,ASP
1045,ASU
1046,AUS
1047,AZO
1048,BDA
1049,BDL
1050,BGI
1051,BGO
1052,BHD
1053,BHM
1054,BJX
1055,BMI
1056,BNA
1057,BNE
1058,BPT
1059,BRO
1060,BSB
1061,BTR
1062,BUF
1063,BUR
1064,BWI
1065,BZE
1066,CAE
1067,CBR
1068,CHA
1069,CHC
1070,CHO
1071,CHS
1072,CID
1073,CLE
1074,CLL
1075,CMH
1076,CMI
1077,CNF
1078,CNS
1079,COS
1080,COU
1081,CPT
1082,CRP
1083,CVG
1084,CWA
1085,CXI
1086,DAY
1087,DBQ
1088,DCA
1089,DEN
1090,DOM
1091,DRO
1092,DRW
1093,DSM
1094,DTW
1095,EBB
1096,EGE
1097,ELP
1098,EUG
1099,EVV
1100,FAR
1101,FAT
1102,FNT
1103,FSD
1104,FSM
1105,FWA
1106,GCK
1107,GCM
1108,GGG
1109,GIB
1110,GIG
1111,GJT
1112,GLA
1113,GND
1114,GPT
1115,GRB
1116,GRI
1117,GRK
1118,GRR
1119,GRU
1120,GSO
1121,GSP
1122,HBA
1123,HNL
1124,HOU
1125,HSV
1126,IAD
1127,IAH
1128,ICT
1129,IND
1130,ITM
1131,JAC
1132,JAN
1133,JLN
1134,JNU
1135,JUL
1136,KHH
1137,KOA
1138,LAW
1139,LAX
1140,LBA
1141,LBB
1142,LCH
1143,LEX
1144,LFT
1145,LGA
1146,LGB
1147,LGK
1148,LIH
1149,LIN
1150,LIT
1151,LRD
1152,LRM
1153,LSE
1154,LUN
1155,LUX
1156,MAF
1157,MAO
1158,MBJ
1159,MCI
1160,MDT
1161,MEM
1162,MFE
1163,MFR
1164,MGM
1165,MHK
1166,MKE
1167,MLI
1168,MLM
1169,MLU
1170,MMH
1171,MOB
1172,MQT
1173,MRY
1174,MSN
1175,MSP
1176,MSY
1177,MTJ
1178,MZT
1179,NAN
1180,NAS
1181,NCL
1182,OAK
1183,OGG
1184,OKC
1185,OMA
1186,ONT
1187,ORD
1188,ORF
1189,PBC
1190,PDX
1191,PEW
1192,PHX
1193,PIA
1194,PIT
1195,PMC
1196,POP
1197,POS
1198,PPT
1199,PSP
1200,QRO
1201,RAP
1202,RDM
1203,RDU
1204,REC
1205,RIC
1206,RNO
1207,ROC
1208,ROW
1209,RST
1210,RTB
1211,RTM
1212,SAF
1213,SAL
1214,SAN
1215,SAP
1216,SAV
1217,SBA
1218,SDF
1219,SEA
1220,SFO
1221,SGF
1222,SHV
1223,SIT
1224,SJC
1225,SJT
1226,SKB
1227,SLC
1228,SLP
1229,SMF
1230,SPS
1231,SSA
1232,STI
1233,STS
1234,SUN
1235,SUX
1236,SVG
1237,SYD
1238,SYR
1239,TGU
1240,TOL
1241,TRC
1242,TSV
1243,TUL
1244,TUS
1245,TVC
1246,TXK
1247,TYR
1248,TYS
1249,UVF
1250,VIJ
1251,VPS
1252,VVI
1253,XNA
1254,YKF
1255,ZCL
1256,ACE
1257,ALC
1258,AOK
1259,EFL
1260,ERF
1261,FLR
1262,FMM
1263,FMO
1264,FNC
1265,GCI
1266,GDN
1267,GPA
1268,INN
1269,JER
1270,JSI
1271,KGD
1272,LCY
1273,LEI
1274,LNZ
1275,MLA
1276,NRN
1277,OPO
1278,OVD
1279,PAD
1280,PDL
1281,PVK
1282,REU
1283,RMI
1284,SCN
1285,SPC
1286,SVQ
1287,VLC
1288,VOL
1289,VRA
1290,ZQW
1291,ZTH
1292,GNM
1293,LAZ
1294,ADD
1295,AZS
1296,BJM
1297,CKY
1298,FIH
1299,KGL
1300,LAD
1301,SNU
1302,VNO
1303,YAM
1304,YBC
1305,YBG
1306,YCD
1307,YCG
1308,YDF
1309,YFC
1310,YGK
1311,YGP
1312,YGR
1313,YHZ
1314,YMM
1315,YQG
1316,YQL
1317,YQM
1318,YQR
1319,YQT
1320,YQU
1321,YQX
1322,YQY
1323,YSB
1324,YSJ
1325,YTS
1326,YTZ
1327,YVO
1328,YXE
1329,YXH
1330,YXU
1331,YYB
1332,YYF
1333,YYG
1334,YYR
1335,YYT
1336,YYY
1337,YZP
1338,YZR
1339,ZBF
1340,AAX
1341,AFL
1342,AJU
1343,ARU
1344,ATM
1345,AUX
1346,BAZ
1347,BEL
1348,BPS
1349,BRA
1350,BVB
1351,BVH
1352,BYO
1353,CAC
1354,CAW
1355,CCM
1356,CFB
1357,CGB
1358,CGH
1359,CGR
1360,CIZ
1361,CKS
1362,CLV
1363,CMG
1364,CPV
1365,CWB
1366,CXJ
1367,DOU
1368,ERN
1369,FBA
1370,FEN
1371,FLN
1372,FOR
1373,GVR
1374,GYN
1375,HUW
1376,IGU
1377,IOS
1378,IPN
1379,IRZ
1380,ITB
1381,JDF
1382,JDO
1383,JDR
1384,JOI
1385,JPA
1386,JPR
1387,JTC
1388,LDB
1389,LEC
1390,MAB
1391,MCP
1392,MCZ
1393,MEA
1394,MGF
1395,MII
1396,MOC
1397,NAT
1398,NVT
1399,OAL
1400,OLC
1401,OPS
1402,PET
1403,PFB
1404,PIN
1405,PLU
1406,PMW
1407,PNZ
1408,POJ
1409,PPB
1410,PVH
1411,RAO
1412,RBR
1413,REZ
1414,ROO
1415,RVD
1416,SDU
1417,SJK
1418,SJL
1419,SJP
1420,SLZ
1421,STM
1422,TBT
1423,TFF
1424,THE
1425,TMT
1426,TUR
1427,UBA
1428,UDI
1429,VAG
1430,VCP
1431,VDC
1432,VIX
1433,XAP
1434,HUN
1435,ISG
1436,KNH
1437,MZG
1438,OKA
1439,RMQ
1440,TTT
1441,YNZ
1442,ALG
1443,ANR
1444,AVN
1445,BEY
1446,BGF
1447,BHX
1448,BLL
1449,BZV
1450,CWL
1451,DAR
1452,DLA
1453,DND
1454,DOL
1455,DZA
1456,EGC
1457,EMA
1458,EXT
1459,GOA
1460,HAH
1461,HRE
1462,JRO
1463,LBV
1464,LJU
1465,LLW
1466,MDW
1467,MRU
1468,NDJ
1469,NKC
1470,NSI
1471,PNR
1472,RAK
1473,RBA
1474,RUN
1475,SNN
1476,SOU
1477,SSG
1478,TLL
1479,TLN
1480,TNR
1481,TRN
1482,VGO
1483,ZSE
1484,AAE
1485,AZR
1486,BJA
1487,BLJ
1488,BMW
1489,BSK
1490,CBH
1491,CFK
1492,CZL
1493,DJG
1494,EBH
1495,ELU
1496,GHA
1497,GJL
1498,HME
1499,IAM
1500,INZ
1501,LOO
1502,MUW
1503,MZW
1504,OGX
1505,ORN
1506,QSF
1507,TEE
1508,TGR
1509,TIN
1510,TLM
1511,TMR
1512,VVZ
1513,AGR
1514,AGX
1515,DHM
1516,DMU
1517,HJR
1518,IXD
1519,JGA
1520,JLR
1521,KNU
1522,LUH
1523,SHL
1524,STV
1525,AOR
1526,BDO
1527,BPN
1528,BTJ
1529,BTU
1530,CNX
1531,DAD
1532,DMK
1533,HDY
1534,JHB
1535,JOG
1536,KBR
1537,KBV
1538,KCH
1539,LBU
1540,LOP
1541,MES
1542,MYY
1543,PDG
1544,PKU
1545,PLM
1546,SBW
1547,SDK
1548,SOC
1549,SRG
1550,SUB
1551,TGG
1552,TWU
1553,UPG
1554,URT
1555,VTE
1556,CPE
1557,DGO
1558,LAP
1559,LMM
1560,LTO
1561,MAM
1562,MTT
1563,MXL
1564,NLD
1565,PAZ
1566,PPE
1567,PUQ
1568,REX
1569,SLW
1570,TAP
1571,ZLO
1572,AHO
1573,TPS
1574,AFA
1575,BRC
1576,CNQ
1577,CPC
1578,CTC
1579,EQS
1580,FMA
1581,FTE
1582,IGR
1583,IRJ
1584,JUJ
1585,LUQ
1586,PSS
1587,RES
1588,RGA
1589,RGL
1590,RHD
1591,RSA
1592,SDE
1593,SLA
1594,TUC
1595,UAQ
1596,USH
1597,VDM
1598,ADK
1599,AKN
1600,ALW
1601,BIL
1602,BLI
1603,BOI
1604,BZN
1605,CDB
1606,DLG
1607,EAT
1608,FCA
1609,GEG
1610,GST
1611,GTF
1612,HLN
1613,LWS
1614,MSO
1615,PBG
1616,PQI
1617,PSC
1618,PSG
1619,PUW
1620,SDP
1621,SNP
1622,STG
1623,WRG
1624,YAK
1625,YKM
1626,AGA
1627,AHU
1628,ESU
1629,EUN
1630,GLN
1631,OUD
1632,OXB
1633,OZZ
1634,RAI
1635,TTA
1636,VIL
1637,AXM
1638,BAQ
1639,BGA
1640,CTG
1641,CUC
1642,EJA
1643,EYP
1644,IBE
1645,MTR
1646,MZL
1647,NVA
1648,PEI
1649,PPN
1650,SMR
1651,TCO
1652,VUP
1653,BMA
1654,IVL
1655,JOE
1656,KAJ
1657,KAO
1658,KEM
1659,KOK
1660,KTT
1661,KUO
1662,MHQ
1663,MMX
1664,MSQ
1665,NRK
1666,OUL
1667,PNA
1668,RVN
1669,SVL
1670,TAY
1671,TKU
1672,TMP
1673,UME
1674,VAA
1675,AAL
1676,AES
1677,AOI
1678,BAY
1679,BCM
1680,BZO
1681,CLJ
1682,CRA
1683,FRU
1684,HUY
1685,IAS
1686,KRS
1687,LCG
1688,LMP
1689,MME
1690,MSE
1691,NWI
1692,OMR
1693,PNL
1694,PSR
1695,REG
1696,SBZ
1697,SCV
1698,SEZ
1699,SUJ
1700,TFN
1701,TGD
1702,TGM
1703,TRD
1704,TRF
1705,TRS
1706,TSR
1707,ASB
1708,BQT
1709,GME
1710,GNA
1711,KGF
1712,KSN
1713,PWQ
1714,TSE
1715,BQN
1716,BTV
1717,PSE
1718,PWM
1719,SRQ
1720,SWF
1721,ABD
1722,AWZ
1723,AZD
1724,BND
1725,BUZ
1726,GSM
1727,IFN
1728,KIH
1729,KSH
1730,MHD
1731,RAS
1732,SRY
1733,SYZ
1734,TBZ
1735,THR
1736,ZAH
1737,ZBR
1738,ALA
1739,ANE
1740,DUR
1741,IOM
1742,LVI
1743,MPM
1744,PFO
1745,PLZ
1746,TAB
1747,VFA
1748,WDH
1749,SPB
1750,SSB
1751,AKJ
1752,KMJ
1753,KOJ
1754,MMY
1755,NGS
1756,SDJ
1757,UKB
1758,BEB
1759,BRR
1760,BZR
1761,CAL
1762,CFN
1763,DSA
1764,ILY
1765,KOI
1766,LPL
1767,LSI
1768,LTN
1769,NOC
1770,NQY
1771,SYY
1772,TRE
1773,WAT
1774,WIC
1775,GTE
1776,CHG
1777,DQA
1778,HEK
1779,JGD
1780,JMU
1781,JXA
1782,LDS
1783,MDG
1784,OHE
1785,WEH
1786,YNJ
1787,ZHA
1788,BMV
1789,CXR
1790,HPH
1791,VII
1792,EBJ
1793,BBK
1794,FRW
1795,GBE
1796,MUB
1797,HKD
1798,KMQ
1799,OKJ
1800,TXN
1801,LPP
1802,PLQ
1803,SOB
1804,TAS
1805,SSH
1806,GEO
1807,MNX
1808,RBB
1809,BSG
1810,BPX
1811,CIF
1812,CIH
1813,CJJ
1814,DAT
1815,DAX
1816,DDG
1817,FNJ
1818,FUG
1819,GYS
1820,HIJ
1821,HLH
1822,HSN
1823,HTA
1824,HTN
1825,HYN
1826,JDZ
1827,JGS
1828,JIU
1829,JNZ
1830,JUZ
1831,KHI
1832,KRL
1833,LYG
1834,LZH
1835,LZO
1836,LZY
1837,MWX
1838,NDG
1839,NZH
1840,RKZ
1841,RLK
1842,TAE
1843,TGO
1844,ULN
1845,WUA
1846,WUS
1847,XFN
1848,XIL
1849,YCU
1850,YIW
1851,PEU
1852,DAU
1853,GKA
1854,GUR
1855,HGU
1856,HKN
1857,LAE
1858,LNV
1859,LSA
1860,MAG
1861,MIS
1862,MXH
1863,OPU
1864,PNP
1865,POM
1866,RAB
1867,TBG
1868,TFI
1869,TIZ
1870,UNG
1871,WWK
1872,BJI
1873,FSZ
1874,KMI
1875,ROR
1876,TNN
1877,TOY
1878,GAO
1879,GER
1880,KHV
1881,VVO
1882,AAT
1883,ACX
1884,AKU
1885,AQG
1886,AVA
1887,BSD
1888,DYU
1889,ENH
1890,ENY
1891,GOQ
1892,HIA
1893,HMI
1894,HZH
1895,ISB
1896,KCA
1897,KIJ
1898,KRY
1899,LBD
1900,LLB
1901,LLF
1902,LNJ
1903,MXZ
1904,NAO
1905,NLT
1906,NNY
1907,OSS
1908,TEN
1909,WEF
1910,WNH
1911,YIN
1912,ZAT
1913,CEE
1914,VUS
1915,NLA
1916,OOL
1917,AGH
1918,GSE
1919,KLR
1920,OER
1921,RNB
1922,SDL
1923,BFV
1924,CEI
1925,CJM
1926,HGN
1927,KOP
1928,LOE
1929,MAQ
1930,NNT
1931,NST
1932,PHS
1933,PRH
1934,ROI
1935,SNO
1936,TST
1937,UBP
1938,UNN
1939,UTH
1940,BOJ
1941,EVE
1942,GRO
1943,LGG
1944,SFB
1945,VAR
1946,ABE
1947,ABR
1948,ABY
1949,AGS
1950,APN
1951,ATW
1952,AVL
1953,AVP
1954,BGM
1955,BGR
1956,BIS
1957,BQK
1958,BRD
1959,BTM
1960,CAK
1961,CDC
1962,CIU
1963,COD
1964,CPR
1965,CSG
1966,DAB
1967,DAL
1968,DHN
1969,DIK
1970,DLH
1971,ECP
1972,EKO
1973,ELM
1974,ERI
1975,ESC
1976,EWN
1977,FAY
1978,GCC
1979,GFK
1980,GTR
1981,HIB
1982,IDA
1983,ILM
1984,IMT
1985,INL
1986,ISN
1987,ITH
1988,LAN
1989,LNK
1990,MBS
1991,MHT
1992,MLB
1993,MOT
1994,MYR
1995,OAJ
1996,PHF
1997,PIH
1998,PLN
1999,RHI
2000,RKS
2001,ROA
2002,SBN
2003,SCE
2004,SGU
2005,TRI
2006,TWF
2007,VLD
2008,WYS
2009,ZIG
2010,CAB
2011,CBT
2012,LUO
2013,MEG
2014,NOV
2015,SDD
2016,SPP
2017,SVP
2018,SZA
2019,TMS
2020,VHC
2021,VPE
2022,CIT
2023,DMB
2024,DZN
2025,GUW
2026,KOV
2027,KZO
2028,PLX
2029,PPK
2030,SCO
2031,SZI
2032,UKK
2033,URA
2034,RNN
2035,SGD
2036,SRP
2037,ALF
2038,ANX
2039,BDU
2040,BOO
2041,BTS
2042,HAU
2043,KKN
2044,KRP
2045,KSD
2046,LKL
2047,LLA
2048,LYR
2049,MJV
2050,MOL
2051,RYG
2052,SZZ
2053,COQ
2054,DLZ
2055,HTM
2056,MXV
2057,ULG
2058,ULO
2059,ULZ
2060,BLK
2061,BOH
2062,KIR
2063,ORK
2064,SCQ
2065,SEN
2066,BGW
2067,BSR
2068,EBL
2069,LHE
2070,MED
2071,SAH
2072,ACP
2073,ACZ
2074,ADU
2075,AFZ
2076,BDH
2077,BJB
2078,BXR
2079,CQD
2080,DEF
2081,GBT
2082,IIL
2083,KER
2084,KHY
2085,KLM
2086,LFM
2087,LRR
2088,MZR
2089,NSH
2090,PFQ
2091,PGU
2092,RUD
2093,RZR
2094,SDG
2095,SYJ
2096,TCX
2097,YES
2098,ESM
2099,ETR
2100,LGQ
2101,LOH
2102,LTX
2103,TNW
2104,TUA
2105,XMS
2106,ABK
2107,AMH
2108,ASO
2109,AXU
2110,BJR
2111,BLZ
2112,DIR
2113,FBM
2114,GDE
2115,GDQ
2116,GMB
2117,HUE
2118,JIJ
2119,JIM
2120,LLI
2121,MLW
2122,MQX
2123,SHC
2124,USM
2125,SSY
2126,CRV
2127,LUG
2128,AIA
2129,ATY
2130,BFF
2131,BKG
2132,CDR
2133,CNY
2134,CVN
2135,CYS
2136,DDC
2137,GBD
2138,HON
2139,HYS
2140,IGM
2141,ILG
2142,LBF
2143,LBL
2144,MCK
2145,PGA
2146,PIR
2147,PRC
2148,PUB
2149,RFD
2150,TTN
2151,WRL
2152,NAW
2153,KDH
2154,FUN
2155,HIR
2156,ICI
2157,KDV
2158,LBS
2159,LKB
2160,LUC
2161,RTA
2162,SUV
2163,SVU
2164,TBU
2165,TRW
2166,TVU
2167,VBV
2168,VLI
2169,HRL
2170,ISP
2171,SHP
2172,AAY
2173,ADE
2174,AHB
2175,AXK
2176,GXF
2177,HOD
2178,RIY
2179,SCT
2180,TAI
2181,CAZ
2182,CFS
2183,DGE
2184,MRZ
2185,NAA
2186,NTL
2187,OAG
2188,OOM
2189,TMW
2190,AAR
2191,BRQ
2192,BZG
2193,CCF
2194,CIA
2195,CND
2196,CRL
2197,CSO
2198,DLE
2199,DNR
2200,EBU
2201,EIN
2202,FNI
2203,GRQ
2204,HHN
2205,JKG
2206,KTW
2207,LBC
2208,LCJ
2209,LDY
2210,LUZ
2211,MST
2212,NYO
2213,OSR
2214,PDV
2215,PEG
2216,PIK
2217,PMF
2218,POZ
2219,RZE
2220,SDR
2221,SFT
2222,TSF
2223,TUF
2224,VLL
2225,VST
2226,VXO
2227,WRO
2228,XCR
2229,ZAZ
2230,KEJ
2231,KLV
2232,OMS
2233,PKC
2234,UGC
2235,UUS
2236,FKS
2237,OIT
2238,BTH
2239,IPH
2240,KTE
2241,KUA
2242,SZB
2243,DOK
2244,ELQ
2245,HAS
2246,HRI
2247,HRK
2248,ISU
2249,MUX
2250,NJF
2251,PZU
2252,SKP
2253,SKT
2254,SLL
2255,TIF
2256,TUU
2257,YNB
2258,CPQ
2259,CZS
2260,IMP
2261,AZA
2262,BLV
2263,GYY
2264,HGR
2265,HTS
2266,IAG
2267,LCK
2268,OGD
2269,PGD
2270,PIE
2271,PVU
2272,SCK
2273,SMX
2274,SPI
2275,STC
2276,YNG
2277,AEB
2278,DOY
2279,WUZ
2280,YZY
2281,ATZ
2282,HMB
2283,AMQ
2284,BDJ
2285,BIK
2286,BKS
2287,DJB
2288,DJJ
2289,GTO
2290,KDI
2291,KOE
2292,MDC
2293,MLG
2294,PGK
2295,PKY
2296,PLW
2297,PNK
2298,TIM
2299,TJQ
2300,TKG
2301,TRK
2302,TTE
2303,KUH
2304,OBO
2305,MYJ
2306,AGM
2307,AOQ
2308,CNP
2309,GOH
2310,IKE
2311,IOQ
2312,IOT
2313,IUI
2314,JAV
2315,JEG
2316,JFR
2317,JHS
2318,JJU
2319,JNN
2320,JNS
2321,JQA
2322,JSU
2323,JUK
2324,JUU
2325,JUV
2326,KGQ
2327,KHQ
2328,KUS
2329,KUZ
2330,LLU
2331,NAQ
2332,NIQ
2333,NSQ
2334,OBY
2335,QFN
2336,QUV
2337,QUW
2338,SAE
2339,SFJ
2340,SGG
2341,SRK
2342,SVR
2343,THU
2344,TQA
2345,TQI
2346,UAK
2347,UMD
2348,UPK
2349,XEQ
2350,JIK
2351,JSH
2352,KIT
2353,KSO
2354,LXS
2355,ACI
2356,BPL
2357,ERL
2358,IQN
2359,JIC
2360,TCG
2361,THQ
2362,AKB
2363,DUT
2364,EGX
2365,IGG
2366,IKO
2367,KCG
2368,KCL
2369,KCQ
2370,KLL
2371,KPV
2372,KQA
2373,NLG
2374,PIP
2375,PTH
2376,WSN
2377,AIT
2378,AIU
2379,MGS
2380,MOI
2381,MUK
2382,RAR
2383,ARI
2384,BBA
2385,LSC
2386,ZAL
2387,ZCO
2388,RUA
2389,ITO
2390,PPG
2391,MMB
2392,BLD
2393,GCW
2394,PRI
2395,LCX
2396,YNY
2397,LXR
2398,YGH
2399,YWJ
2400,ZFN
2401,AFS
2402,AZN
2403,TMJ
2404,BQS
2405,BVV
2406,DEE
2407,EKS
2408,GDX
2409,OHH
2410,BHV
2411,DEA
2412,LYP
2413,UET
2414,KVX
2415,PEZ
2416,EAS
2417,GRX
2418,ILD
2419,LEN
2420,MLN
2421,RGS
2422,RJL
2423,SLM
2424,AFT
2425,AKS
2426,ATD
2427,BAS
2428,BNY
2429,CHY
2430,EGM
2431,FRE
2432,GTA
2433,IRA
2434,JJA
2435,KGE
2436,MUA
2437,NNB
2438,RBV
2439,RNA
2440,RNL
2441,RUS
2442,SCZ
2443,VAO
2444,NOS
2445,BEJ
2446,DOB
2447,KTG
2448,LUV
2449,NTX
2450,OKL
2451,PKN
2452,SXK
2453,WMX
2454,ISC
2455,LEQ
2456,ODO
2457,UKX
2458,YKS
2459,KHD
2460,XBJ
2461,AAN
2462,ASM
2463,LLK
2464,LWO
2465,YPY
2466,YQF
2467,YSM
2468,YXX
2469,EGN
2470,UYL
2471,AGN
2472,ELV
2473,EXI
2474,HNH
2475,HNS
2476,KAE
2477,PEC
2478,SGY
2479,TKE
2480,HHQ
2481,PKG
2482,RDN
2483,TOD
2484,BNX
2485,CXH
2486,YWH
2487,YIE
2488,BFN
2489,HLA
2490,AOJ
2491,HNA
2492,KCZ
2493,MMJ
2494,NKM
2495,AGT
2496,CFC
2497,ERM
2498,FBE
2499,GEL
2500,JCB
2501,RIA
2502,RIG
2503,URG
2504,ASJ
2505,AXT
2506,GAJ
2507,IZO
2508,MSJ
2509,SHM
2510,TKS
2511,UBJ
2512,AVV
2513,AYQ
2514,BNK
2515,DUD
2516,HTI
2517,LST
2518,MCY
2519,MKY
2520,PPP
2521,WLG
2522,ZQN
2523,AEG
2524,BMU
2525,BUW
2526,BXB
2527,ENE
2528,FKQ
2529,GNS
2530,KAZ
2531,KBU
2532,KNG
2533,LBJ
2534,LSW
2535,LUW
2536,MEQ
2537,MJU
2538,MKQ
2539,MKW
2540,MNA
2541,MOF
2542,NAH
2543,NBX
2544,PSJ
2545,PUM
2546,SOQ
2547,TMC
2548,TNJ
2549,WGP
2550,MIR
2551,OHD
2552,YAG
2553,YFO
2554,YHD
2555,YHM
2556,YQD
2557,YQK
2558,YRL
2559,YXL
2560,YYL
2561,YYU
2562,CAP
2563,XSC
2564,EDA
2565,HYG
2566,KCC
2567,KLW
2568,KPB
2569,NKI
2570,PPV
2571,WWP
2572,LKG
2573,WIL
2574,AHN
2575,ELD
2576,HOT
2577,HRO
2578,IPL
2579,MKL
2580,OTH
2581,PDT
2582,SLN
2583,KOS
2584,BMO
2585,KET
2586,KMV
2587,LSH
2588,MYT
2589,PBU
2590,THL
2591,PBH
2592,REN
2593,HIN
2594,KPO
2595,KUV
2596,KWJ
2597,NOU
2598,RSU
2599,USN
2600,WJU
2601,ASR
2602,EDO
2603,IGD
2604,KSY
2605,VAN
2606,LPI
2607,BFJ
2608,FUO
2609,NAY
2610,APL
2611,MWZ
2612,POL
2613,CYB
2614,LCE
2615,LYB
2616,NDB
2617,OUZ
2618,CIX
2619,CJA
2620,IPC
2621,MHC
2622,MPN
2623,PIU
2624,TBP
2625,TCQ
2626,TRU
2627,ZOS
2628,LPQ
2629,BVC
2630,SID
2631,BFS
2632,CIW
2633,OGL
2634,SVD
2635,EOI
2636,NDY
2637,NRL
2638,PPW
2639,SOY
2640,WRY
2641,AKF
2642,GHT
2643,LAQ
2644,LTD
2645,QUB
2646,SRX
2647,TOB
2648,BRL
2649,CNM
2650,DEC
2651,JBR
2652,LAM
2653,LNS
2654,MUE
2655,VCT
2656,LTI
2657,VDB
2658,ASW
2659,BFI
2660,CLM
2661,DHB
2662,ESD
2663,FBS
2664,FRD
2665,KEH
2666,LKE
2667,RCE
2668,RSJ
2669,WSX
2670,YBW
2671,YDS
2672,YGG
2673,YHH
2674,YMF
2675,YMP
2676,YMU
2677,YPT
2678,YQJ
2679,YRC
2680,YTG
2681,ZNA
2682,MEU
2683,KWG
2684,OZH
2685,UDJ
2686,VIN
2687,ANM
2688,BMD
2689,DIE
2690,FTU
2691,MJN
2692,MOQ
2693,SMS
2694,SVB
2695,TLE
2696,TMM
2697,WMN
2698,WMR
2699,KAN
2700,BBN
2701,BKM
2702,KUD
2703,LBP
2704,LDU
2705,LGL
2706,LKH
2707,LMN
2708,LWY
2709,MKM
2710,MUR
2711,MZV
2712,ODN
2713,TGC
2714,DIL
2715,RRG
2716,ELS
2717,GRJ
2718,SMQ
2719,YGX
2720,BYN
2721,HVD
2722,ABS
2723,MUH
2724,NGQ
2725,YUS
2726,DTD
2727,LPU
2728,PSU
2729,SRI
2730,TTR
2731,HNM
2732,JHM
2733,LNY
2734,MKK
2735,CUK
2736,CYC
2737,CZH
2738,DGA
2739,INB
2740,PLJ
2741,PND
2742,SPR
2743,TZA
2744,AUY
2745,AWD
2746,CCV
2747,DLY
2748,EAE
2749,FTA
2750,IPA
2751,LNB
2752,LNE
2753,LOD
2754,LPM
2755,MTV
2756,NUS
2757,PBJ
2758,SLH
2759,SON
2760,SSR
2761,SWJ
2762,TAH
2763,TGH
2764,TOH
2765,ULB
2766,VLS
2767,WLH
2768,ZGU
2769,FUJ
2770,HAC
2771,IKI
2772,IWJ
2773,IWK
2774,MBE
2775,MYE
2776,NTQ
2777,OIM
2778,ONJ
2779,RIS
2780,SHB
2781,SYO
2782,TSJ
2783,TTJ
2784,WKJ
2785,YGJ
2786,GPB
2787,SRA
2788,ACY
2789,CRW
2790,LBE
2791,ZSA
2792,SKZ
2793,GMZ
2794,VDE
2795,UEO
2796,AEY
2797,EGS
2798,IFJ
2799,RKV
2800,BHE
2801,GIS
2802,HKK
2803,HLZ
2804,IUE
2805,IVC
2806,KAT
2807,KKE
2808,MRO
2809,NLK
2810,NPE
2811,NPL
2812,NSN
2813,PMR
2814,PPQ
2815,ROT
2816,TIU
2817,TRG
2818,TUO
2819,WAG
2820,WHK
2821,WRE
2822,WSZ
2823,NYI
2824,TKD
2825,TML
2826,IOA
2827,JKL
2828,JNX
2829,JSY
2830,JTY
2831,KSJ
2832,KZS
2833,LRS
2834,MLO
2835,PAS
2836,KSC
2837,INU
2838,DNK
2839,BWK
2840,KSF
2841,OSI
2842,PMY
2843,CIP
2844,KAA
2845,MFU
2846,MNS
2847,SLI
2848,LUK
2849,MBL
2850,MMU
2851,ASV
2852,MRE
2853,NYK
2854,UAS
2855,UKA
2856,GJA
2857,UII
2858,YGV
2859,YHU
2860,YRJ
2861,YTF
2862,YVB
2863,YAY
2864,YBX
2865,YCL
2866,YDP
2867,YHO
2868,YJT
2869,YMN
2870,YNP
2871,YSO
2872,ZUM
2873,BAL
2874,DNZ
2875,ERC
2876,GZP
2877,HTY
2878,KCM
2879,KYA
2880,KZR
2881,MQM
2882,MSR
2883,MZH
2884,NAV
2885,VAS
2886,YTM
2887,LPT
2888,TDX
2889,THS
2890,UTP
2891,FSP
2892,CJL
2893,DBA
2894,DSK
2895,GIL
2896,GWD
2897,KCF
2898,KDU
2899,MJD
2900,PJG
2901,PZH
2902,RYK
2903,RZS
2904,TUK
2905,LGI
2906,RSD
2907,SML
2908,TBI
2909,IFO
2910,ARK
2911,MBI
2912,MYW
2913,BUA
2914,BUL
2915,KVG
2916,MAS
2917,MDU
2918,VAI
2919,WBM
2920,DRV
2921,FVM
2922,GAN
2923,GKK
2924,HAQ
2925,KDM
2926,KDO
2927,CKX
2928,HKB
2929,TKJ
2930,ABM
2931,AUU
2932,BEU
2933,BQL
2934,BUC
2935,BVI
2936,CMA
2937,CTL
2938,CUQ
2939,DMD
2940,EDR
2941,EMD
2942,IRG
2943,ISA
2944,KWM
2945,NTN
2946,ONG
2947,RMA
2948,SGO
2949,TWB
2950,ULP
2951,WEI
2952,WNR
2953,XTG
2954,YIF
2955,YNA
2956,YPN
2957,ZGS
2958,SXI
2959,GOU
2960,MVR
2961,NGE
2962,ABX
2963,ARM
2964,BCI
2965,BDB
2966,BKQ
2967,BME
2968,CNJ
2969,DBO
2970,DPO
2971,GET
2972,GLT
2973,GOV
2974,HID
2975,HVB
2976,KGI
2977,KNX
2978,KTA
2979,LDH
2980,LEA
2981,LRE
2982,MHU
2983,MOV
2984,MQL
2985,OLP
2986,PBO
2987,PHE
2988,PLO
2989,PQQ
2990,ROK
2991,WGA
2992,ZBL
2993,ZNE
2994,PED
2995,VSG
2996,HOE
2997,LXG
2998,ODY
2999,PKZ
3000,XKH
3001,ZVK
3002,NOZ
3003,OSW
3004,TOF
3005,BTK
3006,CKH
3007,CYX
3008,IKS
3009,NER
3010,PWE
3011,PYJ
3012,ULK
3013,UUD
3014,RRS
3015,MUN
3016,STD
3017,DAM
3018,FAE
3019,AZI
3020,FJR
3021,XSB
3022,ZDY
3023,AQJ
3024,OSM
3025,RKT
3026,HOR
3027,PIX
3028,PXO
3029,SMA
3030,TER
3031,CDJ
3032,GRP
3033,MQH
3034,OIA
3035,RDC
3036,STZ
3037,SXO
3038,SXX
3039,ABA
3040,RGK
3041,TJU
3042,BEW
3043,BUQ
3044,HDS
3045,KIM
3046,MQP
3047,MSU
3048,MTS
3049,PHW
3050,PTG
3051,PZB
3052,RCB
3053,TET
3054,UTN
3055,UTT
3056,VNX
3057,WVB
3058,FUT
3059,WLS
3060,ELF
3061,HBX
3062,IXG
3063,MYQ
3064,NDC
3065,PNY
3066,TCR
3067,BWT
3068,FLS
3069,HLT
3070,KNS
3071,MEB
3072,PTJ
3073,PUG
3074,CBG
3075,KRN
3076,KSU
3077,OSD
3078,CVU
3079,FLW
3080,GRW
3081,SJZ
3082,ABT
3083,AJF
3084,AQI
3085,BHH
3086,DWD
3087,EAM
3088,EJH
3089,GIZ
3090,HOF
3091,RAE
3092,RAH
3093,SHW
3094,TUI
3095,ULH
3096,URY
3097,WAE
3098,ERS
3099,LUD
3100,MPA
3101,NDU
3102,OND
3103,DIJ
3104,PGX
3105,FRS
3106,KKC
3107,ADF
3108,AJI
3109,AOE
3110,ISE
3111,KFS
3112,NAJ
3113,TEQ
3114,ELC
3115,MCV
3116,MGT
3117,MNG
3118,INH
3119,UEL
3120,VPY
3121,VXC
3122,TCP
3123,VXE
3124,TOE
3125,BMY
3126,GEA
3127,ILP
3128,KNQ
3129,KOC
3130,LIF
3131,MEE
3132,TGJ
3133,TOU
3134,UVE
3135,KDL
3136,BDP
3137,BHR
3138,BIR
3139,BWA
3140,DHI
3141,JKR
3142,KEP
3143,PKR
3144,SIF
3145,SKH
3146,TMI
3147,GBB
3148,LWN
3149,MJZ
3150,SLY
3151,ACV
3152,AOO
3153,BFD
3154,BFL
3155,BKW
3156,CEC
3157,CIC
3158,CKB
3159,CLD
3160,CMX
3161,DUJ
3162,EAU
3163,FKL
3164,FLO
3165,GUC
3166,HDN
3167,HHH
3168,HOB
3169,HVN
3170,IPT
3171,IYK
3172,JHW
3173,JST
3174,KSA
3175,KWA
3176,LAR
3177,LMT
3178,MAJ
3179,MGW
3180,MKG
3181,MOD
3182,PAH
3183,PGV
3184,PKB
3185,PNI
3186,RDD
3187,ROP
3188,SBP
3189,SBY
3190,SHD
3191,TKK
3192,YAP
3193,YUM
3194,LPY
3195,MSW
3196,DYR
3197,HMA
3198,AXP
3199,CRI
3200,IGA
3201,MYG
3202,EZV
3203,IRM
3204,PEX
3205,UTS
3206,YMK
3207,FLG
3208,LYH
3209,BJZ
3210,CAJ
3211,CBS
3212,CZE
3213,PYH
3214,SOM
3215,VIG
3216,VLV
3217,CWC
3218,ILI
3219,GLO
3220,VLY
3221,ALH
3222,BQB
3223,CCK
3224,DCN
3225,EPR
3226,RVT
3227,XCH
3228,CVJ
3229,PXM
3230,DLI
3231,PQC
3232,CAH
3233,DIN
3234,PXU
3235,TBB
3236,THD
3237,UIH
3238,VCA
3239,VCL
3240,VCS
3241,VDH
3242,VKG
3243,MMO
3244,SFL
3245,SNE
3246,AHE
3247,AUQ
3248,AXR
3249,BOB
3250,FAV
3251,GMR
3252,HOI
3253,HUH
3254,KKR
3255,MAU
3256,MKP
3257,MOZ
3258,MVT
3259,NHV
3260,RFP
3261,RGI
3262,RMT
3263,RUR
3264,RVV
3265,TIH
3266,TKP
3267,TKX
3268,TUB
3269,UAH
3270,UAP
3271,XMH
3272,ZTA
3273,CLQ
3274,CVM
3275,JAL
3276,LZC
3277,PDS
3278,TPQ
3279,EPL
3280,EVG
3281,OXF
3282,PJA
3283,RKE
3284,URE
3285,ABB
3286,BNI
3287,CBQ
3288,ENU
3289,GMO
3290,IBA
3291,ILR
3292,JOS
3293,KAD
3294,MIU
3295,QOW
3296,QRW
3297,QUO
3298,SKO
3299,YOL
3300,ATA
3301,JAU
3302,ARW
3303,DEB
3304,TZL
3305,KME
3306,BJF
3307,BNN
3308,BVG
3309,FDE
3310,FRO
3311,HAA
3312,HFT
3313,HOV
3314,HVG
3315,LKN
3316,MEH
3317,MJF
3318,MQN
3319,NVK
3320,OSY
3321,RET
3322,RVK
3323,SDN
3324,SKE
3325,SKN
3326,SOG
3327,SOJ
3328,SSJ
3329,SVJ
3330,VAW
3331,VDS
3332,YFX
3333,YHA
3334,YHG
3335,YHR
3336,YMH
3337,YRG
3338,YWM
3339,ZKG
3340,ZLT
3341,ZTB
3342,EUX
3343,SAB
3344,KKB
3345,KZB
3346,KYK
3347,KWP
3348,SPD
3349,LUR
3350,MBZ
3351,KZI
3352,KFP
3353,KVC
3354,PML
3355,UGB
3356,PYY
3357,ORX
3358,BVS
3359,MTE
3360,CMP
3361,BSS
3362,OMD
3363,BGG
